MinTemp,MaxTemp,Precipitation,ReferenceET,Date,year
4.45,11.67,0.0,1.73,1984-05-01,1984
5.0,12.22,0.0,1.84,1984-05-02,1984
6.11,18.34,0.0,3.86,1984-05-03,1984
3.89,16.67,0.0,3.97,1984-05-04,1984
6.11,16.67,0.0,2.93,1984-05-05,1984
6.11,16.11,0.0,3.32,1984-05-06,1984
0.56,11.67,0.0,3.03,1984-05-07,1984
1.11,19.45,0.0,4.95,1984-05-08,1984
0.0,27.23,0.0,6.54,1984-05-09,1984
8.34,26.67,0.0,6.05,1984-05-10,1984
8.34,23.89,0.0,5.47,1984-05-11,1984
11.67,30.56,0.0,6.77,1984-05-12,1984
11.67,24.45,0.0,5.33,1984-05-13,1984
10.56,23.34,0.0,5.08,1984-05-14,1984
13.89,28.34,0.0,5.93,1984-05-15,1984
15.56,26.11,0.0,5.15,1984-05-16,1984
13.34,17.23,0.0,1.84,1984-05-17,1984
10.56,24.45,0.0,4.88,1984-05-18,1984
7.78,24.45,0.0,5.13,1984-05-19,1984
5.56,28.89,0.0,6.84,1984-05-20,1984
11.11,23.34,0.0,4.75,1984-05-21,1984
7.78,21.67,1.0,4.94,1984-05-22,1984
5.0,27.78,0.0,6.66,1984-05-23,1984
7.78,25.56,2.0,5.95,1984-05-24,1984
7.78,17.78,1.0,3.02,1984-05-25,1984
7.22,20.0,5.0,3.67,1984-05-26,1984
6.11,21.11,0.0,5.15,1984-05-27,1984
3.89,15.56,0.0,3.46,1984-05-28,1984
2.22,22.78,0.0,5.8,1984-05-29,1984
6.11,28.34,0.0,6.79,1984-05-30,1984
8.89,34.45,2.0,7.84,1984-05-31,1984
8.34,21.11,0.0,4.56,1984-06-01,1984
3.33,22.23,0.0,5.68,1984-06-02,1984
8.34,23.34,3.0,4.99,1984-06-03,1984
11.11,25.56,0.0,5.87,1984-06-04,1984
12.22,28.34,0.0,5.44,1984-06-05,1984
10.0,25.0,0.0,5.26,1984-06-06,1984
10.56,23.89,0.0,4.84,1984-06-07,1984
5.56,26.11,4.0,6.16,1984-06-08,1984
10.0,21.67,0.0,4.69,1984-06-09,1984
4.45,22.23,1.0,5.38,1984-06-10,1984
14.45,25.0,20.0,4.0,1984-06-11,1984
13.34,22.23,3.96,3.08,1984-06-12,1984
15.56,26.11,0.0,4.26,1984-06-13,1984
17.23,28.34,0.0,5.72,1984-06-14,1984
15.56,28.89,8.0,5.95,1984-06-15,1984
13.89,28.34,12.0,6.01,1984-06-16,1984
13.34,25.0,0.0,5.61,1984-06-17,1984
11.11,25.56,0.0,5.71,1984-06-18,1984
11.67,27.78,0.0,6.24,1984-06-19,1984
14.45,28.89,0.0,5.95,1984-06-20,1984
17.23,31.67,0.0,6.92,1984-06-21,1984
18.05,31.11,3.2,6.35,1984-06-22,1984
14.97,25.68,0.0,5.41,1984-06-23,1984
11.92,28.75,0.0,6.3,1984-06-24,1984
13.88,31.91,0.0,6.73,1984-06-25,1984
14.02,33.58,0.0,7.47,1984-06-26,1984
12.75,30.56,0.0,6.63,1984-06-27,1984
14.45,33.34,0.0,7.68,1984-06-28,1984
13.34,29.14,0.0,6.58,1984-06-29,1984
15.53,30.8,0.0,6.44,1984-06-30,1984
15.28,20.52,2.73,2.48,1984-07-01,1984
13.61,31.49,0.0,6.96,1984-07-02,1984
15.56,30.66,6.03,4.78,1984-07-03,1984
15.56,26.67,0.0,5.08,1984-07-04,1984
15.0,33.89,0.0,7.74,1984-07-05,1984
16.67,27.23,0.0,5.72,1984-07-06,1984
15.56,31.67,0.0,6.34,1984-07-07,1984
17.23,37.23,0.0,8.19,1984-07-08,1984
17.78,35.56,0.0,7.63,1984-07-09,1984
14.45,29.45,0.0,6.23,1984-07-10,1984
10.56,29.45,0.0,6.91,1984-07-11,1984
14.45,35.56,0.0,8.01,1984-07-12,1984
20.0,36.12,0.0,7.71,1984-07-13,1984
17.23,32.78,0.0,6.74,1984-07-14,1984
17.23,28.34,0.0,4.77,1984-07-15,1984
14.45,33.34,1.0,7.23,1984-07-16,1984
11.67,32.23,0.0,7.47,1984-07-17,1984
12.78,36.12,0.0,8.19,1984-07-18,1984
12.78,37.78,0.0,8.84,1984-07-19,1984
18.34,33.34,0.0,6.45,1984-07-20,1984
18.34,37.78,0.0,7.03,1984-07-21,1984
17.23,38.34,0.0,8.52,1984-07-22,1984
15.0,35.0,0.0,7.73,1984-07-23,1984
17.78,31.67,0.0,6.33,1984-07-24,1984
15.56,32.23,0.0,6.05,1984-07-25,1984
12.78,26.67,0.0,5.49,1984-07-26,1984
10.0,29.45,0.0,6.57,1984-07-27,1984
10.56,30.0,0.0,6.58,1984-07-28,1984
14.45,30.56,0.0,6.11,1984-07-29,1984
15.56,33.34,0.0,6.93,1984-07-30,1984
18.89,30.0,0.0,4.76,1984-07-31,1984
18.34,27.78,7.0,3.85,1984-08-01,1984
18.34,28.34,0.0,3.64,1984-08-02,1984
13.89,36.67,0.0,7.87,1984-08-03,1984
15.56,34.45,0.0,7.29,1984-08-04,1984
15.0,36.67,0.0,8.04,1984-08-05,1984
15.56,36.67,3.0,7.28,1984-08-06,1984
19.45,33.89,1.0,6.27,1984-08-07,1984
15.0,35.56,0.0,7.6,1984-08-08,1984
13.89,31.67,0.0,6.23,1984-08-09,1984
12.22,33.34,0.0,7.22,1984-08-10,1984
11.67,32.78,0.0,7.08,1984-08-11,1984
12.78,33.34,0.0,7.04,1984-08-12,1984
14.45,33.34,0.0,6.83,1984-08-13,1984
15.56,36.12,0.0,7.32,1984-08-14,1984
15.56,36.12,0.0,7.05,1984-08-15,1984
14.45,36.67,0.0,7.68,1984-08-16,1984
17.78,33.34,0.0,6.28,1984-08-17,1984
16.67,31.67,0.0,5.72,1984-08-18,1984
13.34,31.67,0.0,6.33,1984-08-19,1984
18.89,31.11,0.0,4.43,1984-08-20,1984
15.0,29.45,0.0,5.2,1984-08-21,1984
12.22,30.0,0.0,6.03,1984-08-22,1984
14.45,31.11,0.0,5.74,1984-08-23,1984
16.67,32.78,0.0,5.68,1984-08-24,1984
16.11,33.34,1.0,6.46,1984-08-25,1984
15.56,33.89,0.0,6.58,1984-08-26,1984
15.56,36.67,0.0,7.45,1984-08-27,1984
15.56,38.34,0.0,7.57,1984-08-28,1984
13.89,37.23,0.0,7.68,1984-08-29,1984
12.78,30.56,0.0,5.97,1984-08-30,1984
11.67,37.78,0.0,7.22,1984-08-31,1984
13.89,27.78,1.0,3.87,1984-09-01,1984
8.89,28.34,0.0,5.76,1984-09-02,1984
9.45,32.23,0.0,6.59,1984-09-03,1984
9.45,27.78,0.0,5.4,1984-09-04,1984
9.45,31.11,0.0,6.2,1984-09-05,1984
8.34,37.78,0.0,8.18,1984-09-06,1984
13.34,20.0,0.0,2.35,1984-09-07,1984
6.67,27.78,0.0,5.58,1984-09-08,1984
9.45,30.0,0.0,5.89,1984-09-09,1984
9.45,31.67,0.0,6.26,1984-09-10,1984
13.34,18.34,0.0,1.27,1984-09-11,1984
9.45,35.0,0.0,6.92,1984-09-12,1984
12.78,22.78,4.0,2.85,1984-09-13,1984
10.0,13.34,0.0,0.98,1984-09-14,1984
7.22,13.34,0.0,1.57,1984-09-15,1984
4.45,22.78,0.0,4.17,1984-09-16,1984
6.67,30.56,0.0,6.06,1984-09-17,1984
7.78,33.89,0.0,6.8,1984-09-18,1984
5.56,34.45,0.0,7.13,1984-09-19,1984
7.78,32.78,0.0,6.44,1984-09-20,1984
12.78,32.23,1.0,5.59,1984-09-21,1984
11.67,23.34,0.0,3.7,1984-09-22,1984
2.78,29.45,0.0,5.74,1984-09-23,1984
1.11,10.0,0.0,1.81,1984-09-24,1984
0.56,13.34,0.0,2.7,1984-09-25,1984
2.22,13.34,0.0,2.43,1984-09-26,1984
-0.55,14.45,0.0,2.77,1984-09-27,1984
-0.55,5.56,0.0,1.18,1984-09-28,1984
-5.0,12.78,0.0,2.82,1984-09-29,1984
-8.89,21.11,0.0,4.69,1984-09-30,1984
-1.11,22.23,0.0,4.26,1984-10-01,1984
3.89,27.78,0.0,5.2,1984-10-02,1984
3.33,25.56,6.0,4.5,1984-10-03,1984
11.67,15.0,17.0,0.77,1984-10-04,1984
10.0,14.45,11.0,1.07,1984-10-05,1984
7.78,18.34,1.0,2.38,1984-10-06,1984
6.11,21.67,0.0,3.53,1984-10-07,1984
5.0,20.0,0.0,3.19,1984-10-08,1984
7.78,17.23,0.0,2.15,1984-10-09,1984
11.11,21.67,0.0,2.69,1984-10-10,1984
11.67,23.89,9.0,3.31,1984-10-11,1984
12.78,24.45,0.0,3.3,1984-10-12,1984
8.89,22.78,0.0,3.2,1984-10-13,1984
2.22,10.56,0.0,1.12,1984-10-14,1984
0.56,11.67,0.0,1.99,1984-10-15,1984
-2.22,6.67,0.0,1.32,1984-10-16,1984
-2.78,11.11,0.0,2.08,1984-10-17,1984
-1.11,5.0,0.0,0.87,1984-10-18,1984
-2.22,10.56,0.0,1.93,1984-10-19,1984
-2.22,7.78,0.0,1.49,1984-10-20,1984
-1.11,1.67,0.0,0.46,1984-10-21,1984
-2.22,5.56,0.0,1.13,1984-10-22,1984
-1.11,7.78,0.0,1.3,1984-10-23,1984
1.11,6.11,0.0,0.76,1984-10-24,1984
-0.55,13.89,0.0,2.19,1984-10-25,1984
-3.89,20.56,0.0,3.71,1984-10-26,1984
0.0,12.78,0.0,2.0,1984-10-27,1984
-2.78,13.34,0.0,2.31,1984-10-28,1984
-4.44,21.67,0.0,3.93,1984-10-29,1984
-2.22,3.89,0.0,0.93,1984-10-30,1984
-2.61,12.61,0.0,2.06,1984-10-31,1984
2.51,8.75,0.0,1.41,2009-05-01,2009
3.04,8.3,1.27,0.98,2009-05-02,2009
5.54,11.13,7.37,1.56,2009-05-03,2009
3.63,20.46,0.0,4.17,2009-05-04,2009
8.16,23.87,0.0,4.71,2009-05-05,2009
8.62,23.67,0.76,5.29,2009-05-06,2009
7.58,25.32,3.56,5.62,2009-05-07,2009
6.0,17.43,0.25,4.19,2009-05-08,2009
5.08,16.96,0.25,3.56,2009-05-09,2009
6.26,10.47,9.65,0.82,2009-05-10,2009
3.03,18.94,0.0,4.46,2009-05-11,2009
7.44,26.04,0.0,5.62,2009-05-12,2009
1.13,18.68,0.0,4.68,2009-05-13,2009
0.67,22.17,0.0,5.4,2009-05-14,2009
5.01,20.85,0.0,4.81,2009-05-15,2009
4.81,17.3,0.0,3.3,2009-05-16,2009
5.67,27.75,0.0,6.42,2009-05-17,2009
8.82,32.53,0.0,7.68,2009-05-18,2009
12.31,33.38,0.0,7.58,2009-05-19,2009
11.77,31.68,0.0,6.98,2009-05-20,2009
8.82,16.32,2.54,1.68,2009-05-21,2009
6.53,25.25,0.0,5.55,2009-05-22,2009
9.48,24.53,0.0,4.33,2009-05-23,2009
13.03,25.58,2.54,4.97,2009-05-24,2009
13.16,22.35,41.15,2.81,2009-05-25,2009
9.02,13.49,19.56,1.1,2009-05-26,2009
6.59,20.66,0.0,4.84,2009-05-27,2009
6.26,26.94,0.0,6.5,2009-05-28,2009
9.22,28.19,0.0,6.66,2009-05-29,2009
10.4,27.29,0.0,5.51,2009-05-30,2009
11.72,30.24,0.0,6.75,2009-05-31,2009
13.49,26.09,6.6,4.86,2009-06-01,2009
8.95,14.08,8.13,1.05,2009-06-02,2009
9.55,17.36,0.51,3.14,2009-06-03,2009
9.41,22.22,0.0,4.69,2009-06-04,2009
9.88,27.15,0.0,5.82,2009-06-05,2009
11.0,28.39,0.0,6.27,2009-06-06,2009
8.49,14.87,4.32,1.78,2009-06-07,2009
6.53,20.71,0.0,4.71,2009-06-08,2009
12.11,20.25,3.56,3.08,2009-06-09,2009
10.59,20.39,13.97,3.27,2009-06-10,2009
10.21,18.55,1.02,2.73,2009-06-11,2009
9.41,22.88,7.87,5.05,2009-06-12,2009
12.04,24.85,2.03,4.56,2009-06-13,2009
12.38,23.47,15.5,3.83,2009-06-14,2009
9.94,26.56,0.0,5.18,2009-06-15,2009
10.01,28.46,0.0,6.65,2009-06-16,2009
13.55,29.57,12.2,5.81,2009-06-17,2009
14.01,30.3,0.0,6.41,2009-06-18,2009
13.57,26.68,0.0,5.69,2009-06-19,2009
13.44,23.47,2.29,3.17,2009-06-20,2009
15.33,30.1,3.05,6.52,2009-06-21,2009
12.05,31.21,0.0,7.24,2009-06-22,2009
17.11,34.03,0.0,7.07,2009-06-23,2009
14.81,33.77,0.0,7.58,2009-06-24,2009
15.93,35.68,22.6,7.92,2009-06-25,2009
15.66,34.49,5.59,7.36,2009-06-26,2009
15.53,28.39,0.0,6.06,2009-06-27,2009
12.19,31.35,0.0,6.95,2009-06-28,2009
13.16,31.15,0.0,7.04,2009-06-29,2009
13.69,30.43,5.59,6.62,2009-06-30,2009
11.72,31.48,33.79,7.22,2009-07-01,2009
15.73,28.13,0.0,5.8,2009-07-02,2009
17.84,27.8,0.25,4.57,2009-07-03,2009
15.4,25.05,0.0,4.9,2009-07-04,2009
11.66,26.02,0.0,5.46,2009-07-05,2009
11.13,29.05,9.65,6.56,2009-07-06,2009
13.3,31.41,0.0,7.0,2009-07-07,2009
15.6,33.05,0.0,7.29,2009-07-08,2009
18.22,27.2,0.0,4.66,2009-07-09,2009
18.35,28.92,0.0,4.08,2009-07-10,2009
17.31,28.72,9.14,5.55,2009-07-11,2009
18.1,31.4,0.25,6.04,2009-07-12,2009
16.06,31.74,1.52,6.48,2009-07-13,2009
16.12,30.7,0.76,6.58,2009-07-14,2009
13.49,28.26,0.0,5.87,2009-07-15,2009
16.26,27.67,0.0,5.09,2009-07-16,2009
13.42,24.39,4.32,4.09,2009-07-17,2009
12.77,26.68,0.0,5.79,2009-07-18,2009
13.11,33.64,0.0,6.96,2009-07-19,2009
14.67,30.1,12.19,6.03,2009-07-20,2009
12.51,27.4,0.0,5.98,2009-07-21,2009
11.39,31.48,0.0,6.49,2009-07-22,2009
12.45,33.51,0.0,7.13,2009-07-23,2009
11.79,37.58,4.06,8.7,2009-07-24,2009
15.86,27.73,0.0,4.64,2009-07-25,2009
14.34,31.86,0.0,6.83,2009-07-26,2009
14.34,29.71,6.35,5.75,2009-07-27,2009
11.92,21.78,0.51,3.27,2009-07-28,2009
9.81,23.22,12.7,3.88,2009-07-29,2009
7.19,24.46,0.0,5.41,2009-07-30,2009
8.24,30.68,16.51,6.75,2009-07-31,2009
8.95,28.39,0.0,6.4,2009-08-01,2009
11.13,34.43,0.0,7.73,2009-08-02,2009
12.65,35.6,0.0,7.66,2009-08-03,2009
13.95,31.14,0.0,6.54,2009-08-04,2009
16.98,28.79,0.0,4.46,2009-08-05,2009
17.83,32.28,0.0,6.03,2009-08-06,2009
17.24,32.78,0.0,6.44,2009-08-07,2009
11.72,28.46,0.0,5.99,2009-08-08,2009
16.13,30.16,0.0,6.0,2009-08-09,2009
14.48,28.26,23.62,5.47,2009-08-10,2009
12.71,32.32,0.0,6.76,2009-08-11,2009
15.2,34.76,0.0,6.71,2009-08-12,2009
12.91,34.76,12.45,6.88,2009-08-13,2009
16.39,31.03,0.51,4.9,2009-08-14,2009
14.08,29.89,0.51,5.87,2009-08-15,2009
11.86,25.43,4.57,5.11,2009-08-16,2009
12.38,24.79,0.25,4.3,2009-08-17,2009
12.84,29.18,3.05,5.6,2009-08-18,2009
10.73,27.01,1.02,5.15,2009-08-19,2009
8.89,25.51,0.76,5.35,2009-08-20,2009
7.19,26.74,0.0,5.73,2009-08-21,2009
7.85,30.04,0.0,6.43,2009-08-22,2009
13.75,29.84,0.0,5.29,2009-08-23,2009
13.75,34.56,2.03,6.75,2009-08-24,2009
15.86,27.93,9.65,4.49,2009-08-25,2009
12.77,26.88,1.52,4.69,2009-08-26,2009
12.45,28.13,0.0,5.29,2009-08-27,2009
10.93,28.32,0.0,5.63,2009-08-28,2009
9.22,23.93,0.0,4.05,2009-08-29,2009
11.06,20.72,2.29,2.85,2009-08-30,2009
12.32,23.8,0.0,3.88,2009-08-31,2009
10.73,26.75,0.0,4.86,2009-09-01,2009
12.64,29.64,0.0,5.32,2009-09-02,2009
9.81,30.5,0.0,6.0,2009-09-03,2009
10.87,24.85,0.0,4.25,2009-09-04,2009
10.73,25.91,0.0,4.33,2009-09-05,2009
12.12,28.13,0.0,4.57,2009-09-06,2009
13.36,32.8,0.0,6.03,2009-09-07,2009
11.46,29.84,0.0,5.47,2009-09-08,2009
12.65,26.88,0.0,4.49,2009-09-09,2009
12.45,28.06,0.0,4.81,2009-09-10,2009
6.0,24.4,0.0,3.9,2009-09-11,2009
5.47,21.04,0.0,3.27,2009-09-12,2009
8.03,24.33,0.0,3.74,2009-09-13,2009
9.41,27.4,0.0,4.75,2009-09-14,2009
7.91,27.27,0.0,5.11,2009-09-15,2009
9.68,25.63,0.0,4.21,2009-09-16,2009
5.87,25.32,0.0,4.55,2009-09-17,2009
4.95,26.76,0.0,5.1,2009-09-18,2009
3.84,26.02,0.0,5.07,2009-09-19,2009
5.67,32.4,0.0,6.37,2009-09-20,2009
8.89,14.22,0.0,1.46,2009-09-21,2009
6.59,9.81,28.96,0.62,2009-09-22,2009
7.12,15.73,3.81,2.1,2009-09-23,2009
6.46,14.48,3.56,1.68,2009-09-24,2009
4.02,18.61,0.0,3.22,2009-09-25,2009
3.96,27.8,0.0,5.33,2009-09-26,2009
4.55,25.97,0.0,4.81,2009-09-27,2009
0.21,20.51,0.0,3.99,2009-09-28,2009
0.93,24.79,0.0,4.8,2009-09-29,2009
6.07,33.09,0.0,6.21,2009-09-30,2009
2.31,14.21,0.0,2.38,2009-10-01,2009
-2.03,15.8,0.0,3.16,2009-10-02,2009
-3.61,17.36,0.0,3.51,2009-10-03,2009
3.49,10.27,1.27,0.94,2009-10-04,2009
6.46,17.89,2.29,2.29,2009-10-05,2009
-0.91,14.67,0.0,2.82,2009-10-06,2009
-3.68,20.92,0.51,4.14,2009-10-07,2009
-0.98,6.0,1.52,0.83,2009-10-08,2009
-6.58,9.81,0.25,2.12,2009-10-09,2009
-8.29,-4.14,0.0,0.61,2009-10-10,2009
-5.66,-1.89,0.0,0.5,2009-10-11,2009
-4.21,2.25,6.35,0.91,2009-10-12,2009
-0.12,1.66,4.83,0.34,2009-10-13,2009
-0.06,8.7,0.0,1.27,2009-10-14,2009
0.07,19.73,0.25,3.47,2009-10-15,2009
0.6,18.41,0.0,3.05,2009-10-16,2009
-4.93,20.59,0.0,3.97,2009-10-17,2009
-1.45,29.97,0.0,5.85,2009-10-18,2009
3.03,22.95,0.0,3.68,2009-10-19,2009
3.49,9.48,13.04,0.85,2009-10-20,2009
-0.19,4.88,29.23,0.54,2009-10-21,2009
-3.54,5.74,0.0,1.33,2009-10-22,2009
-3.02,13.22,0.0,2.4,2009-10-23,2009
-1.96,18.48,0.0,3.13,2009-10-24,2009
0.27,9.88,0.0,1.49,2009-10-25,2009
-4.21,12.89,0.0,2.39,2009-10-26,2009
-1.76,12.65,0.0,2.06,2009-10-27,2009
-2.3,4.95,6.56,0.69,2009-10-28,2009
-2.03,1.4,19.98,0.37,2009-10-29,2009
-4.47,7.37,0.0,1.56,2009-10-30,2009
1.33,18.88,0.0,2.91,2009-10-31,2009
0.68,19.16,0.0,4.6,2017-05-01,2017
2.79,12.0,0.25,1.93,2017-05-02,2017
-0.55,13.9,0.0,3.26,2017-05-03,2017
-1.64,21.41,0.0,5.4,2017-05-04,2017
0.3,27.74,0.0,6.87,2017-05-05,2017
7.81,29.99,0.0,6.96,2017-05-06,2017
9.31,33.34,1.78,7.05,2017-05-07,2017
9.82,28.76,34.29,6.05,2017-05-08,2017
10.33,22.34,13.71,4.21,2017-05-09,2017
10.54,14.39,0.25,1.19,2017-05-10,2017
6.55,19.99,0.0,4.2,2017-05-11,2017
4.05,21.93,0.0,5.36,2017-05-12,2017
6.72,28.35,0.0,6.61,2017-05-13,2017
13.2,27.46,0.0,5.93,2017-05-14,2017
12.24,29.27,0.76,6.22,2017-05-15,2017
10.67,27.29,3.31,5.87,2017-05-16,2017
9.51,18.52,1.02,3.64,2017-05-17,2017
7.3,9.65,1.01,0.5,2017-05-18,2017
2.11,8.63,14.2,1.21,2017-05-19,2017
2.24,9.27,3.05,1.73,2017-05-20,2017
2.96,21.12,0.25,5.04,2017-05-21,2017
6.14,21.22,0.0,4.52,2017-05-22,2017
2.89,16.81,0.0,3.81,2017-05-23,2017
0.61,24.87,0.0,6.34,2017-05-24,2017
9.65,26.81,1.27,5.0,2017-05-25,2017
9.92,22.86,3.81,4.93,2017-05-26,2017
7.47,18.49,0.0,3.12,2017-05-27,2017
7.26,25.38,1.27,5.85,2017-05-28,2017
8.05,24.22,0.0,5.64,2017-05-29,2017
5.9,26.85,0.0,6.57,2017-05-30,2017
10.23,27.16,0.0,6.1,2017-05-31,2017
9.21,28.97,0.0,6.84,2017-06-01,2017
12.72,30.03,10.15,5.87,2017-06-02,2017
13.2,24.05,0.25,3.95,2017-06-03,2017
11.36,28.84,0.0,6.51,2017-06-04,2017
12.41,30.89,0.0,7.02,2017-06-05,2017
14.19,27.53,0.0,5.39,2017-06-06,2017
13.23,29.04,0.25,5.76,2017-06-07,2017
11.15,28.87,0.0,6.5,2017-06-08,2017
14.77,34.06,0.0,7.53,2017-06-09,2017
16.88,34.16,0.0,7.63,2017-06-10,2017
16.58,32.32,0.0,6.43,2017-06-11,2017
18.97,33.76,0.0,6.79,2017-06-12,2017
12.55,32.08,0.0,7.48,2017-06-13,2017
8.08,31.02,0.0,7.55,2017-06-14,2017
10.74,34.03,0.0,7.96,2017-06-15,2017
12.45,35.71,0.0,8.1,2017-06-16,2017
13.1,28.8,0.0,4.93,2017-06-17,2017
10.54,29.04,0.0,6.5,2017-06-18,2017
14.36,30.14,0.0,6.54,2017-06-19,2017
11.53,38.04,0.0,9.14,2017-06-20,2017
16.92,39.83,0.0,9.02,2017-06-21,2017
16.03,31.74,0.0,6.79,2017-06-22,2017
10.44,23.65,2.28,4.85,2017-06-23,2017
10.23,22.75,0.0,3.73,2017-06-24,2017
10.2,19.68,0.51,3.3,2017-06-25,2017
9.27,28.87,0.0,6.5,2017-06-26,2017
14.22,34.07,0.0,6.74,2017-06-27,2017
11.66,33.15,0.0,7.46,2017-06-28,2017
13.71,30.07,0.0,6.54,2017-06-29,2017
11.02,25.29,1.02,4.71,2017-06-30,2017
8.35,32.66,0.0,7.77,2017-07-01,2017
13.57,36.33,0.0,8.0,2017-07-02,2017
12.76,33.12,5.84,6.92,2017-07-03,2017
13.2,32.67,0.0,7.3,2017-07-04,2017
13.81,35.47,0.0,8.16,2017-07-05,2017
15.28,38.76,1.52,8.26,2017-07-06,2017
15.38,31.48,0.0,6.7,2017-07-07,2017
16.1,34.69,13.2,7.69,2017-07-08,2017
13.92,38.07,0.0,8.83,2017-07-09,2017
16.44,38.45,0.25,8.39,2017-07-10,2017
18.73,37.25,0.0,7.65,2017-07-11,2017
19.18,30.69,0.25,5.61,2017-07-12,2017
16.89,29.81,0.0,6.01,2017-07-13,2017
14.22,32.26,0.0,7.08,2017-07-14,2017
16.1,33.8,0.0,6.54,2017-07-15,2017
12.41,32.2,0.0,6.65,2017-07-16,2017
15.79,34.38,0.0,7.41,2017-07-17,2017
17.02,36.61,2.54,7.77,2017-07-18,2017
19.55,38.83,0.25,7.97,2017-07-19,2017
20.25,34.21,0.0,6.87,2017-07-20,2017
18.74,38.74,0.25,8.28,2017-07-21,2017
14.74,30.15,0.0,4.92,2017-07-22,2017
12.11,35.48,0.0,8.03,2017-07-23,2017
13.4,36.64,0.0,8.15,2017-07-24,2017
19.04,38.31,0.0,7.68,2017-07-25,2017
18.29,28.06,0.0,3.99,2017-07-26,2017
18.09,30.59,3.81,5.22,2017-07-27,2017
17.47,32.5,10.15,5.48,2017-07-28,2017
16.2,33.32,0.25,6.87,2017-07-29,2017
17.47,29.97,8.63,5.52,2017-07-30,2017
15.01,30.66,0.0,6.32,2017-07-31,2017
13.64,31.48,1.01,6.67,2017-08-01,2017
12.65,31.14,18.02,6.05,2017-08-02,2017
11.12,22.42,0.0,3.81,2017-08-03,2017
11.46,27.13,0.0,5.32,2017-08-04,2017
16.1,28.53,0.0,5.32,2017-08-05,2017
15.45,26.45,3.05,4.47,2017-08-06,2017
14.02,24.81,16.76,4.01,2017-08-07,2017
15.25,22.9,0.0,3.01,2017-08-08,2017
13.13,27.47,0.0,5.31,2017-08-09,2017
11.97,21.25,9.14,2.81,2017-08-10,2017
8.93,26.25,0.0,5.4,2017-08-11,2017
13.78,28.6,18.04,4.41,2017-08-12,2017
11.12,29.97,0.25,6.01,2017-08-13,2017
13.51,32.44,0.0,6.74,2017-08-14,2017
16.03,31.64,2.54,5.52,2017-08-15,2017
14.44,27.2,3.85,4.25,2017-08-16,2017
9.0,31.21,11.94,6.52,2017-08-17,2017
11.7,31.14,0.0,6.5,2017-08-18,2017
11.39,34.76,0.0,7.41,2017-08-19,2017
13.1,31.31,0.0,6.3,2017-08-20,2017
14.53,29.01,0.0,5.16,2017-08-21,2017
12.48,26.48,0.0,5.2,2017-08-22,2017
11.05,30.15,0.0,6.08,2017-08-23,2017
15.14,29.8,0.0,5.12,2017-08-24,2017
14.6,32.23,2.04,6.19,2017-08-25,2017
12.69,32.3,0.0,6.44,2017-08-26,2017
13.95,29.22,0.0,5.45,2017-08-27,2017
11.15,29.33,0.0,5.79,2017-08-28,2017
10.2,31.27,0.0,6.27,2017-08-29,2017
10.88,31.04,0.0,6.17,2017-08-30,2017
11.05,29.29,0.0,5.47,2017-08-31,2017
13.75,28.29,0.0,4.37,2017-09-01,2017
11.42,31.55,0.0,6.08,2017-09-02,2017
11.83,38.48,0.0,7.95,2017-09-03,2017
9.86,26.14,0.0,4.74,2017-09-04,2017
5.77,22.97,0.0,4.39,2017-09-05,2017
2.84,24.95,0.0,5.09,2017-09-06,2017
5.12,28.77,0.0,5.75,2017-09-07,2017
8.43,30.8,0.0,6.0,2017-09-08,2017
14.57,31.75,0.0,5.54,2017-09-09,2017
13.3,32.74,0.0,6.03,2017-09-10,2017
10.27,33.91,0.0,6.59,2017-09-11,2017
11.8,34.14,0.0,6.27,2017-09-12,2017
11.77,35.51,0.0,6.79,2017-09-13,2017
11.39,34.86,19.05,6.77,2017-09-14,2017
12.62,29.12,0.0,5.2,2017-09-15,2017
9.28,19.42,0.0,3.08,2017-09-16,2017
8.63,21.91,0.0,3.85,2017-09-17,2017
12.01,28.75,0.0,4.95,2017-09-18,2017
9.35,32.09,0.0,5.78,2017-09-19,2017
2.22,24.78,0.0,5.01,2017-09-20,2017
7.92,35.47,0.0,7.13,2017-09-21,2017
11.77,33.25,0.0,5.78,2017-09-22,2017
9.72,15.62,17.02,1.53,2017-09-23,2017
8.7,11.66,15.22,0.82,2017-09-24,2017
7.74,10.57,3.03,0.81,2017-09-25,2017
4.16,20.03,0.0,3.68,2017-09-26,2017
2.84,21.16,0.0,3.79,2017-09-27,2017
8.83,17.84,0.0,2.07,2017-09-28,2017
8.83,14.5,4.32,1.29,2017-09-29,2017
12.0,22.38,0.25,2.7,2017-09-30,2017
7.5,26.18,0.76,4.34,2017-10-01,2017
5.22,18.25,0.5,2.83,2017-10-02,2017
6.01,18.25,0.0,3.05,2017-10-03,2017
10.06,15.01,0.0,1.33,2017-10-04,2017
12.89,17.57,0.25,1.21,2017-10-05,2017
8.32,14.7,7.11,1.12,2017-10-06,2017
4.06,25.15,0.0,4.47,2017-10-07,2017
2.29,19.41,0.0,3.42,2017-10-08,2017
1.3,8.56,2.01,0.95,2017-10-09,2017
-2.66,15.45,0.0,3.01,2017-10-10,2017
-2.28,22.11,0.0,4.25,2017-10-11,2017
0.62,25.77,0.0,4.79,2017-10-12,2017
5.26,19.68,0.0,3.1,2017-10-13,2017
-0.74,15.52,0.0,2.59,2017-10-14,2017
-3.13,17.74,0.0,3.35,2017-10-15,2017
-3.47,27.71,0.0,5.51,2017-10-16,2017
-0.95,26.52,0.0,4.98,2017-10-17,2017
2.19,25.36,0.0,4.39,2017-10-18,2017
0.89,28.53,0.0,5.22,2017-10-19,2017
7.91,26.45,0.0,3.98,2017-10-20,2017
-1.7,16.03,0.51,2.79,2017-10-21,2017
-3.51,22.35,0.0,4.15,2017-10-22,2017
4.16,15.76,0.0,2.19,2017-10-23,2017
1.91,15.52,0.0,2.55,2017-10-24,2017
3.65,28.74,0.0,4.89,2017-10-25,2017
-4.84,13.37,0.0,2.41,2017-10-26,2017
-7.84,7.19,0.0,1.86,2017-10-27,2017
-7.74,14.91,0.0,2.9,2017-10-28,2017
1.98,23.21,0.0,3.74,2017-10-29,2017
-8.02,6.14,0.0,1.61,2017-10-30,2017
-7.64,7.33,1.01,1.67,2017-10-31,2017
4.4,16.65,0.76,2.88,2018-05-01,2018
3.75,17.98,0.0,3.56,2018-05-02,2018
4.81,12.62,14.22,2.25,2018-05-03,2018
5.08,23.21,0.0,5.48,2018-05-04,2018
7.26,27.03,0.0,6.17,2018-05-05,2018
5.42,26.96,0.0,5.98,2018-05-06,2018
9.58,30.27,0.0,6.54,2018-05-07,2018
7.68,27.58,0.0,6.35,2018-05-08,2018
6.79,28.77,0.0,6.58,2018-05-09,2018
10.13,30.82,0.0,6.92,2018-05-10,2018
9.24,15.18,0.0,1.6,2018-05-11,2018
8.97,12.38,0.5,1.25,2018-05-12,2018
8.46,17.91,4.57,2.57,2018-05-13,2018
9.28,20.89,16.51,3.79,2018-05-14,2018
7.5,24.13,0.0,5.55,2018-05-15,2018
8.29,28.43,0.0,6.61,2018-05-16,2018
11.15,30.24,0.0,6.66,2018-05-17,2018
11.39,23.58,73.91,4.21,2018-05-18,2018
6.86,12.86,7.6,1.23,2018-05-19,2018
6.86,16.41,0.0,3.21,2018-05-20,2018
4.98,26.55,0.0,6.0,2018-05-21,2018
9.86,27.78,0.0,5.61,2018-05-22,2018
12.89,29.39,0.0,5.99,2018-05-23,2018
12.83,29.74,0.0,6.61,2018-05-24,2018
11.7,33.56,0.0,7.75,2018-05-25,2018
12.69,34.42,0.0,7.83,2018-05-26,2018
15.39,32.09,21.84,5.41,2018-05-27,2018
12.18,22.66,16.75,3.29,2018-05-28,2018
12.62,24.47,5.84,4.42,2018-05-29,2018
11.6,28.33,0.0,6.14,2018-05-30,2018
10.44,29.77,0.0,6.91,2018-05-31,2018
17.23,32.67,0.0,7.02,2018-06-01,2018
9.45,23.92,0.0,5.73,2018-06-02,2018
6.66,27.03,0.0,6.39,2018-06-03,2018
13.48,29.29,0.0,6.64,2018-06-04,2018
10.82,35.81,0.0,8.42,2018-06-05,2018
15.8,34.21,22.35,7.31,2018-06-06,2018
15.94,29.09,1.27,5.96,2018-06-07,2018
17.75,29.94,0.0,6.09,2018-06-08,2018
15.46,32.88,0.0,7.29,2018-06-09,2018
14.27,34.62,0.0,7.72,2018-06-10,2018
13.41,26.73,0.0,6.14,2018-06-11,2018
12.29,28.34,0.0,6.27,2018-06-12,2018
15.84,33.15,0.0,6.75,2018-06-13,2018
15.02,36.74,0.0,7.92,2018-06-14,2018
15.94,35.24,0.0,7.38,2018-06-15,2018
17.95,34.42,0.0,6.74,2018-06-16,2018
16.25,32.37,0.0,6.27,2018-06-17,2018
14.78,24.47,0.0,3.92,2018-06-18,2018
15.97,26.63,7.62,4.47,2018-06-19,2018
11.19,25.29,0.0,5.58,2018-06-20,2018
10.96,26.08,0.0,6.02,2018-06-21,2018
9.73,24.23,2.29,4.11,2018-06-22,2018
10.24,30.59,1.52,7.01,2018-06-23,2018
13.41,24.23,14.48,3.44,2018-06-24,2018
12.18,25.32,0.25,4.23,2018-06-25,2018
10.1,30.32,0.0,7.17,2018-06-26,2018
16.83,33.19,0.0,7.32,2018-06-27,2018
21.19,38.51,0.0,7.91,2018-06-28,2018
15.8,33.6,0.0,7.0,2018-06-29,2018
12.32,26.26,0.0,4.72,2018-06-30,2018
7.82,29.23,0.0,7.1,2018-07-01,2018
12.12,34.28,0.0,7.48,2018-07-02,2018
13.86,35.0,0.51,7.79,2018-07-03,2018
18.94,34.69,0.0,7.21,2018-07-04,2018
15.9,31.62,0.0,6.53,2018-07-05,2018
15.49,30.66,0.0,5.94,2018-07-06,2018
17.2,34.01,0.0,7.41,2018-07-07,2018
15.49,35.31,0.0,7.89,2018-07-08,2018
13.62,35.45,0.0,8.06,2018-07-09,2018
12.56,35.38,0.0,8.18,2018-07-10,2018
14.74,36.35,0.0,8.14,2018-07-11,2018
17.06,35.2,26.41,6.79,2018-07-12,2018
18.53,30.22,0.0,6.19,2018-07-13,2018
17.92,31.58,0.0,6.26,2018-07-14,2018
15.67,27.79,0.25,5.32,2018-07-15,2018
15.84,31.68,18.54,6.15,2018-07-16,2018
15.9,28.54,19.56,5.64,2018-07-17,2018
16.21,30.97,1.02,6.06,2018-07-18,2018
17.34,34.45,0.0,7.38,2018-07-19,2018
19.59,31.65,0.0,6.2,2018-07-20,2018
19.21,31.92,0.25,5.65,2018-07-21,2018
17.47,32.82,26.92,6.77,2018-07-22,2018
17.0,26.63,0.25,4.41,2018-07-23,2018
15.43,29.94,0.0,6.05,2018-07-24,2018
17.51,28.48,0.25,5.34,2018-07-25,2018
14.44,27.45,0.25,5.21,2018-07-26,2018
14.16,23.62,4.06,3.23,2018-07-27,2018
14.33,28.27,7.62,5.61,2018-07-28,2018
13.14,23.58,0.25,3.27,2018-07-29,2018
10.61,23.28,0.0,4.9,2018-07-30,2018
7.44,27.31,0.0,6.29,2018-07-31,2018
11.65,37.01,1.01,7.66,2018-08-01,2018
13.89,33.36,0.0,7.17,2018-08-02,2018
15.75,31.93,6.6,5.68,2018-08-03,2018
13.03,33.56,0.0,6.92,2018-08-04,2018
15.95,29.34,0.76,4.69,2018-08-05,2018
15.52,25.33,0.25,3.62,2018-08-06,2018
14.03,29.92,0.0,5.78,2018-08-07,2018
15.04,30.41,0.25,6.17,2018-08-08,2018
12.89,33.68,0.0,7.21,2018-08-09,2018
13.8,32.03,5.08,6.68,2018-08-10,2018
13.22,32.12,0.0,6.63,2018-08-11,2018
10.93,30.11,0.0,6.15,2018-08-12,2018
12.74,29.92,0.0,6.15,2018-08-13,2018
13.75,27.48,0.0,5.02,2018-08-14,2018
11.31,32.31,0.0,6.8,2018-08-15,2018
14.03,28.2,0.0,5.17,2018-08-16,2018
12.31,31.74,0.0,6.35,2018-08-17,2018
12.03,31.06,1.52,5.72,2018-08-18,2018
12.98,22.83,0.76,3.32,2018-08-19,2018
7.4,22.97,0.0,4.77,2018-08-20,2018
7.36,20.15,0.76,3.05,2018-08-21,2018
11.55,20.05,0.0,2.15,2018-08-22,2018
16.61,31.74,0.51,5.7,2018-08-23,2018
11.55,33.13,0.0,6.78,2018-08-24,2018
11.74,35.47,0.51,6.58,2018-08-25,2018
13.7,33.85,0.0,6.6,2018-08-26,2018
11.55,34.26,0.0,7.04,2018-08-27,2018
9.74,22.6,0.0,3.94,2018-08-28,2018
7.55,26.28,0.0,5.34,2018-08-29,2018
10.83,32.98,0.0,6.5,2018-08-30,2018
15.37,33.7,0.0,5.76,2018-08-31,2018
13.65,29.53,0.0,4.67,2018-09-01,2018
13.8,28.87,0.0,4.95,2018-09-02,2018
14.89,23.79,1.52,2.6,2018-09-03,2018
16.66,26.86,0.0,3.28,2018-09-04,2018
13.89,25.33,0.0,3.7,2018-09-05,2018
12.08,23.26,0.0,3.1,2018-09-06,2018
11.79,23.73,0.51,3.36,2018-09-07,2018
12.7,25.13,0.0,4.04,2018-09-08,2018
14.61,27.62,0.0,4.51,2018-09-09,2018
13.08,30.87,0.0,5.39,2018-09-10,2018
13.17,35.61,0.0,6.79,2018-09-11,2018
12.31,32.84,0.0,6.11,2018-09-12,2018
11.93,33.78,0.0,6.42,2018-09-13,2018
10.21,33.37,0.0,6.45,2018-09-14,2018
13.46,34.72,0.0,6.43,2018-09-15,2018
14.85,35.5,0.0,6.41,2018-09-16,2018
10.31,35.45,0.0,6.85,2018-09-17,2018
13.89,33.22,0.0,5.74,2018-09-18,2018
12.65,31.69,0.0,5.44,2018-09-19,2018
11.03,26.67,1.02,3.69,2018-09-20,2018
6.21,23.13,0.0,4.23,2018-09-21,2018
6.07,31.35,0.0,6.09,2018-09-22,2018
3.78,33.75,0.0,6.91,2018-09-23,2018
9.59,23.51,0.0,3.45,2018-09-24,2018
2.72,18.43,0.25,3.47,2018-09-25,2018
1.48,23.88,0.0,4.63,2018-09-26,2018
1.77,24.95,0.0,4.76,2018-09-27,2018
4.87,9.26,0.0,1.04,2018-09-28,2018
4.97,22.64,0.0,3.9,2018-09-29,2018
6.11,9.26,0.0,0.76,2018-09-30,2018
6.53,17.86,0.0,2.49,2018-10-01,2018
6.82,25.79,0.0,4.03,2018-10-02,2018
7.16,32.97,0.0,6.08,2018-10-03,2018
-0.38,7.45,10.15,1.29,2018-10-04,2018
-0.76,21.3,0.0,4.01,2018-10-05,2018
0.29,14.65,0.0,2.66,2018-10-06,2018
4.58,8.3,9.63,0.65,2018-10-07,2018
2.63,5.63,2.28,0.66,2018-10-08,2018
-0.14,4.15,8.62,0.56,2018-10-09,2018
-3.68,3.48,9.64,1.07,2018-10-10,2018
-6.21,5.96,0.25,1.45,2018-10-11,2018
-0.67,15.71,0.51,2.84,2018-10-12,2018
-2.01,18.38,1.52,3.4,2018-10-13,2018
-7.45,-0.1,0.25,0.76,2018-10-14,2018
-11.17,9.73,0.0,2.43,2018-10-15,2018
-2.01,18.14,0.0,3.3,2018-10-16,2018
-2.58,19.39,0.0,3.56,2018-10-17,2018
1.53,18.67,0.0,3.04,2018-10-18,2018
-0.1,20.15,0.0,3.49,2018-10-19,2018
-2.96,20.2,0.0,3.69,2018-10-20,2018
-3.87,26.62,0.0,5.15,2018-10-21,2018
0.86,20.72,0.0,3.44,2018-10-22,2018
0.81,19.34,0.0,3.13,2018-10-23,2018
4.86,12.6,7.63,1.26,2018-10-24,2018
4.15,17.43,0.0,2.37,2018-10-25,2018
2.05,20.53,0.0,3.21,2018-10-26,2018
0.91,27.48,0.0,4.79,2018-10-27,2018
-0.72,19.82,0.0,3.29,2018-10-28,2018
0.24,27.56,0.0,4.8,2018-10-29,2018
2.91,11.55,0.0,1.48,2018-10-30,2018
-5.07,13.32,0.0,2.41,2018-10-31,2018
